{
  "hash": "c6f34141",
  "configHash": "f192a640",
  "lockfileHash": "13ba5fbe",
  "browserHash": "badf1a18",
  "optimized": {
    "@angular/core": {
      "src": "../../../../../node_modules/@angular/core/fesm2022/core.mjs",
      "file": "@angular_core.js",
      "fileHash": "0237bc53",
      "needsInterop": false
    },
    "@angular/platform-browser": {
      "src": "../../../../../node_modules/@angular/platform-browser/fesm2022/platform-browser.mjs",
      "file": "@angular_platform-browser.js",
      "fileHash": "e26b64c7",
      "needsInterop": false
    },
    "@angular/router": {
      "src": "../../../../../node_modules/@angular/router/fesm2022/router.mjs",
      "file": "@angular_router.js",
      "fileHash": "f72be430",
      "needsInterop": false
    },
    "@angular/forms": {
      "src": "../../../../../node_modules/@angular/forms/fesm2022/forms.mjs",
      "file": "@angular_forms.js",
      "fileHash": "e37e6798",
      "needsInterop": false
    }
  },
  "chunks": {
    "chunk-SBRKWA6E": {
      "file": "chunk-SBRKWA6E.js"
    },
    "chunk-B5CZCWZ7": {
      "file": "chunk-B5CZCWZ7.js"
    },
    "chunk-QPEF36NU": {
      "file": "chunk-QPEF36NU.js"
    }
  }
}